cohort,kind,file,endpoint,block,order,status,wall_sec,max_rss_bytes
cumulative,warmup,rewrite16.egg,A,,,success,0.08059300002059899,69320704
cumulative,warmup,rewrite16.egg,B,,,success,0.05656370898941532,43483136
cumulative,observation,rewrite16.egg,A,0,0,success,0.07286291700438596,69238784
cumulative,observation,rewrite16.egg,B,0,1,success,0.057791875005932525,43515904
cumulative,observation,rewrite16.egg,B,0,2,success,0.056607334001455456,42975232
cumulative,observation,rewrite16.egg,A,0,3,success,0.07053633301984519,69337088
cumulative,observation,rewrite16.egg,A,1,0,success,0.07035733299562708,68829184
cumulative,observation,rewrite16.egg,B,1,1,success,0.05674866700428538,43384832
cumulative,observation,rewrite16.egg,B,1,2,success,0.05682245799107477,43237376
cumulative,observation,rewrite16.egg,A,1,3,success,0.070506625022972,69402624
cumulative,observation,rewrite16.egg,A,2,0,success,0.06997108398354612,69320704
cumulative,observation,rewrite16.egg,B,2,1,success,0.056713541998760775,43761664
cumulative,observation,rewrite16.egg,B,2,2,success,0.05701691602007486,43204608
cumulative,observation,rewrite16.egg,A,2,3,success,0.07073145802132785,69074944
cumulative,observation,rewrite16.egg,A,3,0,success,0.07066483399830759,69173248
cumulative,observation,rewrite16.egg,B,3,1,success,0.05704504199093208,43171840
cumulative,observation,rewrite16.egg,B,3,2,success,0.05606145798810758,43450368
cumulative,observation,rewrite16.egg,A,3,3,success,0.07055654199211858,69353472
cumulative,observation,rewrite16.egg,A,4,0,success,0.07012808401486836,69173248
cumulative,observation,rewrite16.egg,B,4,1,success,0.05648887500865385,43352064
cumulative,observation,rewrite16.egg,B,4,2,success,0.05601758399279788,43319296
cumulative,observation,rewrite16.egg,A,4,3,success,0.07129037499544211,69222400
cumulative,observation,rewrite16.egg,A,5,0,success,0.06979291600873694,69304320
cumulative,observation,rewrite16.egg,B,5,1,success,0.056419999978970736,43925504
cumulative,observation,rewrite16.egg,B,5,2,success,0.0560978330031503,43417600
cumulative,observation,rewrite16.egg,A,5,3,success,0.0705760839919094,69091328
cumulative,observation,rewrite16.egg,A,6,0,success,0.07034633299917914,68993024
cumulative,observation,rewrite16.egg,B,6,1,success,0.05643899997812696,43253760
cumulative,observation,rewrite16.egg,B,6,2,success,0.05690862497431226,43139072
cumulative,observation,rewrite16.egg,A,6,3,success,0.07106562500121072,69107712
cumulative,observation,rewrite16.egg,A,7,0,success,0.07089458400150761,69173248
cumulative,observation,rewrite16.egg,B,7,1,success,0.056210959010059014,43483136
cumulative,observation,rewrite16.egg,B,7,2,success,0.056383791990811005,43270144
cumulative,observation,rewrite16.egg,A,7,3,success,0.0701918340055272,68812800
cumulative,observation,rewrite16.egg,A,8,0,success,0.0700005829858128,69124096
cumulative,observation,rewrite16.egg,B,8,1,success,0.056857834017137066,43401216
cumulative,observation,rewrite16.egg,B,8,2,success,0.06420491699827835,43761664
cumulative,observation,rewrite16.egg,A,8,3,success,0.07230529200751334,69402624
cumulative,observation,rewrite16.egg,A,9,0,success,0.07046612500562333,69402624
cumulative,observation,rewrite16.egg,B,9,1,success,0.055990708991885185,43040768
cumulative,observation,rewrite16.egg,B,9,2,success,0.056651667022379115,43450368
cumulative,observation,rewrite16.egg,A,9,3,success,0.06964187498670071,69173248
cumulative,warmup,rewrite15.egg,A,,,success,0.04188545799115673,42909696
cumulative,warmup,rewrite15.egg,B,,,success,0.027944750007009134,25772032
cumulative,observation,rewrite15.egg,A,0,0,success,0.04156787498504855,43253760
cumulative,observation,rewrite15.egg,B,0,1,success,0.027612250007223338,25411584
cumulative,observation,rewrite15.egg,B,0,2,success,0.027427082997746766,25231360
cumulative,observation,rewrite15.egg,A,0,3,success,0.04122000001370907,43302912
cumulative,observation,rewrite15.egg,A,1,0,success,0.04267495797830634,43466752
cumulative,observation,rewrite15.egg,B,1,1,success,0.027968917012913153,25067520
cumulative,observation,rewrite15.egg,B,1,2,success,0.027740958001231775,24969216
cumulative,observation,rewrite15.egg,A,1,3,success,0.042056749982293695,43417600
cumulative,observation,rewrite15.egg,A,2,0,success,0.042258041008608416,43417600
cumulative,observation,rewrite15.egg,B,2,1,success,0.027474666014313698,25051136
cumulative,observation,rewrite15.egg,B,2,2,success,0.027149957983056083,25264128
cumulative,observation,rewrite15.egg,A,2,3,success,0.04150304201175459,43253760
cumulative,observation,rewrite15.egg,A,3,0,success,0.04170712499762885,42991616
cumulative,observation,rewrite15.egg,B,3,1,success,0.02765983299468644,25542656
cumulative,observation,rewrite15.egg,B,3,2,success,0.02738825001870282,25133056
cumulative,observation,rewrite15.egg,A,3,3,success,0.04218308298732154,42827776
cumulative,observation,rewrite15.egg,A,4,0,success,0.04145379099645652,42942464
cumulative,observation,rewrite15.egg,B,4,1,success,0.028011166985379532,25542656
cumulative,observation,rewrite15.egg,B,4,2,success,0.027563624986214563,25182208
cumulative,observation,rewrite15.egg,A,4,3,success,0.04154912501689978,42991616
cumulative,observation,rewrite15.egg,A,5,0,success,0.041852249996736646,42991616
cumulative,observation,rewrite15.egg,B,5,1,success,0.02734387500095181,25214976
cumulative,observation,rewrite15.egg,B,5,2,success,0.027670417010085657,25051136
cumulative,observation,rewrite15.egg,A,5,3,success,0.0415332909906283,42991616
cumulative,observation,rewrite15.egg,A,6,0,success,0.041616041999077424,43106304
cumulative,observation,rewrite15.egg,B,6,1,success,0.027938167011598125,25395200
cumulative,observation,rewrite15.egg,B,6,2,success,0.027181000012205914,25149440
cumulative,observation,rewrite15.egg,A,6,3,success,0.04147079199901782,42926080
cumulative,observation,rewrite15.egg,A,7,0,success,0.04126320799696259,43417600
cumulative,observation,rewrite15.egg,B,7,1,success,0.027573166007641703,24985600
cumulative,observation,rewrite15.egg,B,7,2,success,0.02758300001733005,25083904
cumulative,observation,rewrite15.egg,A,7,3,success,0.04225399999995716,42975232
cumulative,observation,rewrite15.egg,A,8,0,success,0.041586709005059674,42893312
cumulative,observation,rewrite15.egg,B,8,1,success,0.028100875002564862,25624576
cumulative,observation,rewrite15.egg,B,8,2,success,0.027492792025441304,25395200
cumulative,observation,rewrite15.egg,A,8,3,success,0.04113779199542478,43433984
cumulative,observation,rewrite15.egg,A,9,0,success,0.043455875013023615,43040768
cumulative,observation,rewrite15.egg,B,9,1,success,0.027837000001454726,25870336
cumulative,observation,rewrite15.egg,B,9,2,success,0.02729304099921137,25493504
cumulative,observation,rewrite15.egg,A,9,3,success,0.04151779200765304,43008000
cumulative,warmup,rewrite17.egg,A,,,success,0.10824462500750087,78168064
cumulative,warmup,rewrite17.egg,B,,,success,0.09665954200318083,51707904
cumulative,observation,rewrite17.egg,A,0,0,success,0.10967533299117349,78725120
cumulative,observation,rewrite17.egg,B,0,1,success,0.09461170801660046,51150848
cumulative,observation,rewrite17.egg,B,0,2,success,0.09474249999038875,51314688
cumulative,observation,rewrite17.egg,A,0,3,success,0.1095822500064969,78217216
cumulative,observation,rewrite17.egg,A,1,0,success,0.10804983400157653,77873152
cumulative,observation,rewrite17.egg,B,1,1,success,0.09404895899933763,51314688
cumulative,observation,rewrite17.egg,B,1,2,success,0.09461941602057777,51724288
cumulative,observation,rewrite17.egg,A,1,3,success,0.10869866699795239,78708736
cumulative,observation,rewrite17.egg,A,2,0,success,0.10966191600891761,78184448
cumulative,observation,rewrite17.egg,B,2,1,success,0.09522362501593307,51216384
cumulative,observation,rewrite17.egg,B,2,2,success,0.09435141700669192,51363840
cumulative,observation,rewrite17.egg,A,2,3,success,0.10968437499832362,78495744
cumulative,observation,rewrite17.egg,A,3,0,success,0.10920312500093132,78168064
cumulative,observation,rewrite17.egg,B,3,1,success,0.09460325000691228,51429376
cumulative,observation,rewrite17.egg,B,3,2,success,0.0945081670070067,51527680
cumulative,observation,rewrite17.egg,A,3,3,success,0.11110041700885631,78217216
cumulative,observation,rewrite17.egg,A,4,0,success,0.10789695801213384,78151680
cumulative,observation,rewrite17.egg,B,4,1,success,0.09474816601141356,52019200
cumulative,observation,rewrite17.egg,B,4,2,success,0.09444158300175332,51380224
cumulative,observation,rewrite17.egg,A,4,3,success,0.10841195902321488,78020608
cumulative,observation,rewrite17.egg,A,5,0,success,0.10821087498334236,77905920
cumulative,observation,rewrite17.egg,B,5,1,success,0.09562854102114215,51281920
cumulative,observation,rewrite17.egg,B,5,2,success,0.09396570798708126,51773440
cumulative,observation,rewrite17.egg,A,5,3,success,0.109135165985208,77856768
cumulative,observation,rewrite17.egg,A,6,0,success,0.10965845800819807,77873152
cumulative,observation,rewrite17.egg,B,6,1,success,0.09457241700147279,51216384
cumulative,observation,rewrite17.egg,B,6,2,success,0.09484466601861641,51724288
cumulative,observation,rewrite17.egg,A,6,3,success,0.1089530419849325,77824000
cumulative,observation,rewrite17.egg,A,7,0,success,0.10913341699051671,78725120
cumulative,observation,rewrite17.egg,B,7,1,success,0.095216417015763,51429376
cumulative,observation,rewrite17.egg,B,7,2,success,0.09494887499022298,52363264
cumulative,observation,rewrite17.egg,A,7,3,success,0.10908774999552406,78020608
cumulative,observation,rewrite17.egg,A,8,0,success,0.10803583299275488,78053376
cumulative,observation,rewrite17.egg,B,8,1,success,0.09508791600819677,51806208
cumulative,observation,rewrite17.egg,B,8,2,success,0.09504183300305158,51707904
cumulative,observation,rewrite17.egg,A,8,3,success,0.10792474998743273,78086144
cumulative,observation,rewrite17.egg,A,9,0,success,0.10880770900985226,78430208
cumulative,observation,rewrite17.egg,B,9,1,success,0.09509520800202154,51609600
cumulative,observation,rewrite17.egg,B,9,2,success,0.09507600002689287,52199424
cumulative,observation,rewrite17.egg,A,9,3,success,0.10919600000488572,78200832
cumulative,warmup,rewrite66.egg,A,,,success,0.31226424998021685,75563008
cumulative,warmup,rewrite66.egg,B,,,success,0.3048393329954706,54296576
cumulative,observation,rewrite66.egg,A,0,0,success,0.3148117079981603,75825152
cumulative,observation,rewrite66.egg,B,0,1,success,0.30394633300602436,54640640
cumulative,observation,rewrite66.egg,B,0,2,success,0.3003274579823483,53952512
cumulative,observation,rewrite66.egg,A,0,3,success,0.31130991701502353,76054528
cumulative,observation,rewrite66.egg,A,1,0,success,0.3071832919958979,75595776
cumulative,observation,rewrite66.egg,B,1,1,success,0.30095933299162425,53493760
cumulative,observation,rewrite66.egg,B,1,2,success,0.30123475001892075,53608448
cumulative,observation,rewrite66.egg,A,1,3,success,0.31018687499454245,75448320
cumulative,observation,rewrite66.egg,A,2,0,success,0.3135711250070017,76152832
cumulative,observation,rewrite66.egg,B,2,1,success,0.30018754198681563,53952512
cumulative,observation,rewrite66.egg,B,2,2,success,0.3014544589968864,54001664
cumulative,observation,rewrite66.egg,A,2,3,success,0.3130939999828115,75988992
cumulative,observation,rewrite66.egg,A,3,0,success,0.3138396249851212,75726848
cumulative,observation,rewrite66.egg,B,3,1,success,0.3058964170049876,53952512
cumulative,observation,rewrite66.egg,B,3,2,success,0.30093658398254775,54050816
cumulative,observation,rewrite66.egg,A,3,3,success,0.31148154198308475,75382784
cumulative,observation,rewrite66.egg,A,4,0,success,0.31221195799298584,75530240
cumulative,observation,rewrite66.egg,B,4,1,success,0.3029791659791954,53575680
cumulative,observation,rewrite66.egg,B,4,2,success,0.30178691699984483,54312960
cumulative,observation,rewrite66.egg,A,4,3,success,0.3100753749895375,75333632
cumulative,observation,rewrite66.egg,A,5,0,success,0.3128713750047609,75448320
cumulative,observation,rewrite66.egg,B,5,1,success,0.3005441669956781,54050816
cumulative,observation,rewrite66.egg,B,5,2,success,0.30274150002514943,53641216
cumulative,observation,rewrite66.egg,A,5,3,success,0.3114395829907153,75415552
cumulative,observation,rewrite66.egg,A,6,0,success,0.3104027909867,75333632
cumulative,observation,rewrite66.egg,B,6,1,success,0.30224620798253454,54034432
cumulative,observation,rewrite66.egg,B,6,2,success,0.3013594160147477,53575680
cumulative,observation,rewrite66.egg,A,6,3,success,0.31234737500199117,75743232
cumulative,observation,rewrite66.egg,A,7,0,success,0.3132171669858508,75530240
cumulative,observation,rewrite66.egg,B,7,1,success,0.3040840829780791,54689792
cumulative,observation,rewrite66.egg,B,7,2,success,0.3035676660074387,53444608
cumulative,observation,rewrite66.egg,A,7,3,success,0.31662800000049174,75350016
cumulative,observation,rewrite66.egg,A,8,0,success,0.30597433299408294,75169792
cumulative,observation,rewrite66.egg,B,8,1,success,0.3010830419952981,54034432
cumulative,observation,rewrite66.egg,B,8,2,success,0.3028394169814419,54329344
cumulative,observation,rewrite66.egg,A,8,3,success,0.31291274999966845,75530240
cumulative,observation,rewrite66.egg,A,9,0,success,0.309533666993957,75431936
cumulative,observation,rewrite66.egg,B,9,1,success,0.302223500009859,53985280
cumulative,observation,rewrite66.egg,B,9,2,success,0.30543179201777093,54034432
cumulative,observation,rewrite66.egg,A,9,3,success,0.31072462498559617,75448320
cumulative,warmup,rewrite88.egg,A,,,success,0.08834670900250785,97615872
cumulative,warmup,rewrite88.egg,B,,,success,0.07257987497723661,60686336
cumulative,observation,rewrite88.egg,A,0,0,success,0.08839166699908674,97026048
cumulative,observation,rewrite88.egg,B,0,1,success,0.07246049999957904,60358656
cumulative,observation,rewrite88.egg,B,0,2,success,0.07151462498586625,60440576
cumulative,observation,rewrite88.egg,A,0,3,success,0.0886247500020545,97288192
cumulative,observation,rewrite88.egg,A,1,0,success,0.08883070899173617,96960512
cumulative,observation,rewrite88.egg,B,1,1,success,0.07284054197953083,60538880
cumulative,observation,rewrite88.egg,B,1,2,success,0.07195183399016969,60178432
cumulative,observation,rewrite88.egg,A,1,3,success,0.08921054098755121,97615872
cumulative,observation,rewrite88.egg,A,2,0,success,0.08874787500826642,97206272
cumulative,observation,rewrite88.egg,B,2,1,success,0.0729752909974195,60293120
cumulative,observation,rewrite88.egg,B,2,2,success,0.07238720898749307,60096512
cumulative,observation,rewrite88.egg,A,2,3,success,0.0894505409814883,97288192
cumulative,observation,rewrite88.egg,A,3,0,success,0.08932104197447188,97288192
cumulative,observation,rewrite88.egg,B,3,1,success,0.07172133299172856,60178432
cumulative,observation,rewrite88.egg,B,3,2,success,0.07180012497701682,60260352
cumulative,observation,rewrite88.egg,A,3,3,success,0.08917787502286956,97730560
cumulative,observation,rewrite88.egg,A,4,0,success,0.08865425002295524,97648640
cumulative,observation,rewrite88.egg,B,4,1,success,0.0718375830037985,60194816
cumulative,observation,rewrite88.egg,B,4,2,success,0.0721823750063777,60194816
cumulative,observation,rewrite88.egg,A,4,3,success,0.08856491598999128,97271808
cumulative,observation,rewrite88.egg,A,5,0,success,0.08872775000054389,97271808
cumulative,observation,rewrite88.egg,B,5,1,success,0.07154866700875573,60669952
cumulative,observation,rewrite88.egg,B,5,2,success,0.0723068339866586,60178432
cumulative,observation,rewrite88.egg,A,5,3,success,0.08805254200706258,97648640
cumulative,observation,rewrite88.egg,A,6,0,success,0.0888830829935614,97615872
cumulative,observation,rewrite88.egg,B,6,1,success,0.07141429098555818,60637184
cumulative,observation,rewrite88.egg,B,6,2,success,0.07214562498847954,60506112
cumulative,observation,rewrite88.egg,A,6,3,success,0.0885027090262156,97288192
cumulative,observation,rewrite88.egg,A,7,0,success,0.08961875000386499,97206272
cumulative,observation,rewrite88.egg,B,7,1,success,0.07236404198920354,61112320
cumulative,observation,rewrite88.egg,B,7,2,success,0.07181824999861419,60260352
cumulative,observation,rewrite88.egg,A,7,3,success,0.08921000000555068,96714752
cumulative,observation,rewrite88.egg,A,8,0,success,0.0887023749819491,97189888
cumulative,observation,rewrite88.egg,B,8,1,success,0.07264329199097119,60768256
cumulative,observation,rewrite88.egg,B,8,2,success,0.07239183399360627,60030976
cumulative,observation,rewrite88.egg,A,8,3,success,0.08860454100067727,97386496
cumulative,observation,rewrite88.egg,A,9,0,success,0.08856099998229183,96813056
cumulative,observation,rewrite88.egg,B,9,1,success,0.071650416997727,60293120
cumulative,observation,rewrite88.egg,B,9,2,success,0.07196541700977832,60030976
cumulative,observation,rewrite88.egg,A,9,3,success,0.08812320898869075,97648640
incremental,warmup,rewrite16.egg,A,,,success,0.06673204200342298,56475648
incremental,warmup,rewrite16.egg,B,,,success,0.05688062499393709,43466752
incremental,observation,rewrite16.egg,A,0,0,success,0.06346366700017825,56082432
incremental,observation,rewrite16.egg,B,0,1,success,0.056365666998317465,43368448
incremental,observation,rewrite16.egg,B,0,2,success,0.0551155419962015,43253760
incremental,observation,rewrite16.egg,A,0,3,success,0.06326341701787896,56508416
incremental,observation,rewrite16.egg,A,1,0,success,0.06360166700324044,56262656
incremental,observation,rewrite16.egg,B,1,1,success,0.0572042920102831,42991616
incremental,observation,rewrite16.egg,B,1,2,success,0.05540512499283068,43008000
incremental,observation,rewrite16.egg,A,1,3,success,0.06343929099966772,56426496
incremental,observation,rewrite16.egg,A,2,0,success,0.06450404197676107,56147968
incremental,observation,rewrite16.egg,B,2,1,success,0.055570750002516434,43663360
incremental,observation,rewrite16.egg,B,2,2,success,0.05582487501669675,42991616
incremental,observation,rewrite16.egg,A,2,3,success,0.06276008297572844,56262656
incremental,observation,rewrite16.egg,A,3,0,success,0.06350329201086424,56492032
incremental,observation,rewrite16.egg,B,3,1,success,0.054621290997602046,43319296
incremental,observation,rewrite16.egg,B,3,2,success,0.05498179199639708,43057152
incremental,observation,rewrite16.egg,A,3,3,success,0.06348562499624677,56377344
incremental,observation,rewrite16.egg,A,4,0,success,0.06400350001058541,56328192
incremental,observation,rewrite16.egg,B,4,1,success,0.05535087498719804,43663360
incremental,observation,rewrite16.egg,B,4,2,success,0.056133209000108764,43352064
incremental,observation,rewrite16.egg,A,4,3,success,0.06795866700122133,56066048
incremental,observation,rewrite16.egg,A,5,0,success,0.06509512499906123,56590336
incremental,observation,rewrite16.egg,B,5,1,success,0.055512916995212436,43237376
incremental,observation,rewrite16.egg,B,5,2,success,0.05598404200281948,43188224
incremental,observation,rewrite16.egg,A,5,3,success,0.06395645899465308,56360960
incremental,observation,rewrite16.egg,A,6,0,success,0.06464512497768737,56082432
incremental,observation,rewrite16.egg,B,6,1,success,0.05848274999880232,43024384
incremental,observation,rewrite16.egg,B,6,2,success,0.06570583299617283,43696128
incremental,observation,rewrite16.egg,A,6,3,success,0.07002791698323563,56442880
incremental,observation,rewrite16.egg,A,7,0,success,0.07131849997676909,56197120
incremental,observation,rewrite16.egg,B,7,1,success,0.06102062499849126,43466752
incremental,observation,rewrite16.egg,B,7,2,success,0.0596193750097882,43958272
incremental,observation,rewrite16.egg,A,7,3,success,0.06686237500980496,56524800
incremental,observation,rewrite16.egg,A,8,0,success,0.06790108300629072,56147968
incremental,observation,rewrite16.egg,B,8,1,success,0.05980712501332164,43941888
incremental,observation,rewrite16.egg,B,8,2,success,0.058248332992661744,43204608
incremental,observation,rewrite16.egg,A,8,3,success,0.06710945797385648,56049664
incremental,observation,rewrite16.egg,A,9,0,success,0.06614862498827279,56098816
incremental,observation,rewrite16.egg,B,9,1,success,0.05556758301099762,43368448
incremental,observation,rewrite16.egg,B,9,2,success,0.0555177089991048,43139072
incremental,observation,rewrite16.egg,A,9,3,success,0.06488345802063122,56573952
incremental,warmup,rewrite15.egg,A,,,success,0.03660904100979678,34914304
incremental,warmup,rewrite15.egg,B,,,success,0.026998375018592924,25526272
incremental,observation,rewrite15.egg,A,0,0,success,0.036578500003088266,35225600
incremental,observation,rewrite15.egg,B,0,1,success,0.027836041001137346,25952256
incremental,observation,rewrite15.egg,B,0,2,success,0.026885958010097966,25935872
incremental,observation,rewrite15.egg,A,0,3,success,0.03636062500299886,34996224
incremental,observation,rewrite15.egg,A,1,0,success,0.036765625001862645,34996224
incremental,observation,rewrite15.egg,B,1,1,success,0.02769687498221174,25001984
incremental,observation,rewrite15.egg,B,1,2,success,0.028154083993285894,25001984
incremental,observation,rewrite15.egg,A,1,3,success,0.03721670899540186,35012608
incremental,observation,rewrite15.egg,A,2,0,success,0.03680775000248104,34979840
incremental,observation,rewrite15.egg,B,2,1,success,0.028544625005451962,25395200
incremental,observation,rewrite15.egg,B,2,2,success,0.02692408298025839,25772032
incremental,observation,rewrite15.egg,A,2,3,success,0.03637895800056867,35274752
incremental,observation,rewrite15.egg,A,3,0,success,0.03631300001870841,34848768
incremental,observation,rewrite15.egg,B,3,1,success,0.02771979200770147,25051136
incremental,observation,rewrite15.egg,B,3,2,success,0.02713462497922592,25067520
incremental,observation,rewrite15.egg,A,3,3,success,0.03699983298429288,35225600
incremental,observation,rewrite15.egg,A,4,0,success,0.036476499983109534,35274752
incremental,observation,rewrite15.egg,B,4,1,success,0.03021012499812059,25034752
incremental,observation,rewrite15.egg,B,4,2,success,0.029991792020155117,24985600
incremental,observation,rewrite15.egg,A,4,3,success,0.03701654198812321,35012608
incremental,observation,rewrite15.egg,A,5,0,success,0.03632899999502115,35078144
incremental,observation,rewrite15.egg,B,5,1,success,0.02727570800925605,25067520
incremental,observation,rewrite15.egg,B,5,2,success,0.026752625009976327,25772032
incremental,observation,rewrite15.egg,A,5,3,success,0.03682891602511518,35028992
incremental,observation,rewrite15.egg,A,6,0,success,0.0364195000147447,34881536
incremental,observation,rewrite15.egg,B,6,1,success,0.026788625022163615,25034752
incremental,observation,rewrite15.egg,B,6,2,success,0.030677375005325302,25427968
incremental,observation,rewrite15.egg,A,6,3,success,0.03664904201286845,34914304
incremental,observation,rewrite15.egg,A,7,0,success,0.03701891700620763,34897920
incremental,observation,rewrite15.egg,B,7,1,success,0.026896709023276344,25444352
incremental,observation,rewrite15.egg,B,7,2,success,0.026862750004511327,25100288
incremental,observation,rewrite15.egg,A,7,3,success,0.03772779199061915,34979840
incremental,observation,rewrite15.egg,A,8,0,success,0.03656750000664033,35012608
incremental,observation,rewrite15.egg,B,8,1,success,0.026974999986123294,25395200
incremental,observation,rewrite15.egg,B,8,2,success,0.027128790999995545,25477120
incremental,observation,rewrite15.egg,A,8,3,success,0.03638441601651721,35274752
incremental,observation,rewrite15.egg,A,9,0,success,0.03853400002117269,34947072
incremental,observation,rewrite15.egg,B,9,1,success,0.02757891599321738,25427968
incremental,observation,rewrite15.egg,B,9,2,success,0.02720787501311861,25542656
incremental,observation,rewrite15.egg,A,9,3,success,0.036813999991863966,35143680
incremental,warmup,rewrite17.egg,A,,,success,0.1024669170146808,64585728
incremental,warmup,rewrite17.egg,B,,,success,0.09446041699266061,51757056
incremental,observation,rewrite17.egg,A,0,0,success,0.10277204200974666,64438272
incremental,observation,rewrite17.egg,B,0,1,success,0.09457704200758599,51445760
incremental,observation,rewrite17.egg,B,0,2,success,0.09454995798296295,51396608
incremental,observation,rewrite17.egg,A,0,3,success,0.10273275000508875,64962560
incremental,observation,rewrite17.egg,A,1,0,success,0.10168637501192279,65224704
incremental,observation,rewrite17.egg,B,1,1,success,0.09462862499640323,51609600
incremental,observation,rewrite17.egg,B,1,2,success,0.09525270797894336,51658752
incremental,observation,rewrite17.egg,A,1,3,success,0.10154941701330245,64389120
incremental,observation,rewrite17.egg,A,2,0,success,0.10594112498802133,65044480
incremental,observation,rewrite17.egg,B,2,1,success,0.0963742499880027,51789824
incremental,observation,rewrite17.egg,B,2,2,success,0.09520854201400653,51216384
incremental,observation,rewrite17.egg,A,2,3,success,0.10193929198430851,65093632
incremental,observation,rewrite17.egg,A,3,0,success,0.10208325000712648,65110016
incremental,observation,rewrite17.egg,B,3,1,success,0.09427887501078658,51363840
incremental,observation,rewrite17.egg,B,3,2,success,0.09440554099273868,51789824
incremental,observation,rewrite17.egg,A,3,3,success,0.10188091697636992,64536576
incremental,observation,rewrite17.egg,A,4,0,success,0.10192129199276678,65257472
incremental,observation,rewrite17.egg,B,4,1,success,0.09419995799544267,51773440
incremental,observation,rewrite17.egg,B,4,2,success,0.09421662497334182,51707904
incremental,observation,rewrite17.egg,A,4,3,success,0.10271358300815336,65110016
incremental,observation,rewrite17.egg,A,5,0,success,0.10216833298909478,64684032
incremental,observation,rewrite17.egg,B,5,1,success,0.10509766600443982,51888128
incremental,observation,rewrite17.egg,B,5,2,success,0.09472654198179953,51773440
incremental,observation,rewrite17.egg,A,5,3,success,0.10188066700357012,64438272
incremental,observation,rewrite17.egg,A,6,0,success,0.10267545797978528,64536576
incremental,observation,rewrite17.egg,B,6,1,success,0.09497641600319184,51986432
incremental,observation,rewrite17.egg,B,6,2,success,0.09588162499130704,51298304
incremental,observation,rewrite17.egg,A,6,3,success,0.10170866700354964,64421888
incremental,observation,rewrite17.egg,A,7,0,success,0.10265212500235066,64700416
incremental,observation,rewrite17.egg,B,7,1,success,0.0942817089962773,51249152
incremental,observation,rewrite17.egg,B,7,2,success,0.09481041599065065,51707904
incremental,observation,rewrite17.egg,A,7,3,success,0.10155737501918338,64864256
incremental,observation,rewrite17.egg,A,8,0,success,0.10368295799707994,65224704
incremental,observation,rewrite17.egg,B,8,1,success,0.09379387498483993,51527680
incremental,observation,rewrite17.egg,B,8,2,success,0.09460129198851064,51773440
incremental,observation,rewrite17.egg,A,8,3,success,0.10269662499194965,64471040
incremental,observation,rewrite17.egg,A,9,0,success,0.10223512499942444,64749568
incremental,observation,rewrite17.egg,B,9,1,success,0.09478120898711495,51658752
incremental,observation,rewrite17.egg,B,9,2,success,0.09488191598211415,51970048
incremental,observation,rewrite17.egg,A,9,3,success,0.10319920800975524,64405504
incremental,warmup,rewrite66.egg,A,,,success,0.30882429200573824,64716800
incremental,warmup,rewrite66.egg,B,,,success,0.30284399999072775,54247424
incremental,observation,rewrite66.egg,A,0,0,success,0.3100627080129925,64962560
incremental,observation,rewrite66.egg,B,0,1,success,0.30286566700669937,53542912
incremental,observation,rewrite66.egg,B,0,2,success,0.3038199160073418,54001664
incremental,observation,rewrite66.egg,A,0,3,success,0.3064718750247266,64569344
incremental,observation,rewrite66.egg,A,1,0,success,0.3096642080054153,64389120
incremental,observation,rewrite66.egg,B,1,1,success,0.2958231669908855,53542912
incremental,observation,rewrite66.egg,B,1,2,success,0.30159879199345596,53608448
incremental,observation,rewrite66.egg,A,1,3,success,0.30587554202065803,64143360
incremental,observation,rewrite66.egg,A,2,0,success,0.3074939170037396,64454656
incremental,observation,rewrite66.egg,B,2,1,success,0.30075258400756866,53526528
incremental,observation,rewrite66.egg,B,2,2,success,0.30320145800942555,53624832
incremental,observation,rewrite66.egg,A,2,3,success,0.3075334579916671,64372736
incremental,observation,rewrite66.egg,A,3,0,success,0.3118194999988191,64421888
incremental,observation,rewrite66.egg,B,3,1,success,0.30121391601278447,53968896
incremental,observation,rewrite66.egg,B,3,2,success,0.3088408750190865,53673984
incremental,observation,rewrite66.egg,A,3,3,success,0.3082107499940321,64372736
incremental,observation,rewrite66.egg,A,4,0,success,0.30851354100741446,64569344
incremental,observation,rewrite66.egg,B,4,1,success,0.3007408330158796,54050816
incremental,observation,rewrite66.egg,B,4,2,success,0.30237491699517705,53641216
incremental,observation,rewrite66.egg,A,4,3,success,0.3046849169768393,64569344
incremental,observation,rewrite66.egg,A,5,0,success,0.3063716249889694,64323584
incremental,observation,rewrite66.egg,B,5,1,success,0.30411404199548997,53510144
incremental,observation,rewrite66.egg,B,5,2,success,0.3035089169861749,54280192
incremental,observation,rewrite66.egg,A,5,3,success,0.3045866669854149,64602112
incremental,observation,rewrite66.egg,A,6,0,success,0.31085670899483375,64651264
incremental,observation,rewrite66.egg,B,6,1,success,0.30062500000349246,53641216
incremental,observation,rewrite66.egg,B,6,2,success,0.30288512498373166,53657600
incremental,observation,rewrite66.egg,A,6,3,success,0.30636983300792053,64913408
incremental,observation,rewrite66.egg,A,7,0,success,0.309778875001939,65028096
incremental,observation,rewrite66.egg,B,7,1,success,0.30358249999699183,54280192
incremental,observation,rewrite66.egg,B,7,2,success,0.30241087498143315,53968896
incremental,observation,rewrite66.egg,A,7,3,success,0.30542349998722784,64716800
incremental,observation,rewrite66.egg,A,8,0,success,0.3077037500042934,64765952
incremental,observation,rewrite66.egg,B,8,1,success,0.30201633300748654,53493760
incremental,observation,rewrite66.egg,B,8,2,success,0.30476512500899844,54542336
incremental,observation,rewrite66.egg,A,8,3,success,0.30642379200435244,65011712
incremental,observation,rewrite66.egg,A,9,0,success,0.30854512500809506,65044480
incremental,observation,rewrite66.egg,B,9,1,success,0.31201612498261966,54968320
incremental,observation,rewrite66.egg,B,9,2,success,0.3029397919890471,54542336
incremental,observation,rewrite66.egg,A,9,3,success,0.3107066670199856,64110592
incremental,warmup,rewrite88.egg,A,,,success,0.081615041999612,79069184
incremental,warmup,rewrite88.egg,B,,,success,0.07188416601275094,60489728
incremental,observation,rewrite88.egg,A,0,0,success,0.08347087498987094,79396864
incremental,observation,rewrite88.egg,B,0,1,success,0.07177970898919739,60358656
incremental,observation,rewrite88.egg,B,0,2,success,0.0725940830016043,60194816
incremental,observation,rewrite88.egg,A,0,3,success,0.0823695000144653,79527936
incremental,observation,rewrite88.egg,A,1,0,success,0.08136016599019058,79003648
incremental,observation,rewrite88.egg,B,1,1,success,0.07220154200331308,60342272
incremental,observation,rewrite88.egg,B,1,2,success,0.07261541599291377,60768256
incremental,observation,rewrite88.egg,A,1,3,success,0.0822135419875849,79036416
incremental,observation,rewrite88.egg,A,2,0,success,0.08158100000582635,79462400
incremental,observation,rewrite88.egg,B,2,1,success,0.07227195799350739,60080128
incremental,observation,rewrite88.egg,B,2,2,success,0.07185412500984967,60686336
incremental,observation,rewrite88.egg,A,2,3,success,0.08141208399320021,79429632
incremental,observation,rewrite88.egg,A,3,0,success,0.08219012501649559,79413248
incremental,observation,rewrite88.egg,B,3,1,success,0.07297241600463167,59998208
incremental,observation,rewrite88.egg,B,3,2,success,0.07300479197874665,60063744
incremental,observation,rewrite88.egg,A,3,3,success,0.08112233300926164,79036416
incremental,observation,rewrite88.egg,A,4,0,success,0.08313929199357517,79413248
incremental,observation,rewrite88.egg,B,4,1,success,0.07166245899861678,60080128
incremental,observation,rewrite88.egg,B,4,2,success,0.07194408401846886,60014592
incremental,observation,rewrite88.egg,A,4,3,success,0.08236245799344033,79446016
incremental,observation,rewrite88.egg,A,5,0,success,0.0822166670113802,79380480
incremental,observation,rewrite88.egg,B,5,1,success,0.07268637500237674,60063744
incremental,observation,rewrite88.egg,B,5,2,success,0.07180216701817699,60276736
incremental,observation,rewrite88.egg,A,5,3,success,0.08105962499394082,79511552
incremental,observation,rewrite88.egg,A,6,0,success,0.08114841600763611,79151104
incremental,observation,rewrite88.egg,B,6,1,success,0.07560687500517815,60456960
incremental,observation,rewrite88.egg,B,6,2,success,0.07234612500178628,60604416
incremental,observation,rewrite88.egg,A,6,3,success,0.08221587497973815,79364096
incremental,observation,rewrite88.egg,A,7,0,success,0.08200504200067371,79020032
incremental,observation,rewrite88.egg,B,7,1,success,0.07250958299846388,60473344
incremental,observation,rewrite88.egg,B,7,2,success,0.07213529199361801,60063744
incremental,observation,rewrite88.egg,A,7,3,success,0.08204954100074247,79446016
incremental,observation,rewrite88.egg,A,8,0,success,0.08192199998302385,79429632
incremental,observation,rewrite88.egg,B,8,1,success,0.0718998329830356,60653568
incremental,observation,rewrite88.egg,B,8,2,success,0.07211741697392426,60981248
incremental,observation,rewrite88.egg,A,8,3,success,0.08109954200335778,79052800
incremental,observation,rewrite88.egg,A,9,0,success,0.10693662500125356,80183296
incremental,observation,rewrite88.egg,B,9,1,success,0.09720449999440461,60473344
incremental,observation,rewrite88.egg,B,9,2,success,0.07357033298467286,60588032
incremental,observation,rewrite88.egg,A,9,3,success,0.08276262501021847,79380480
